campaign_id,campaign_category,campaign_type,platform,campaign_detail,days_run,cost,impressions,clicks,num_signups,signup_rate,cost_per_signup,click_through_rate,cost_per_click
CAM001,Tailored Health Plans,Covid Awareness,SEO,Tailored Health Plans - Covid Awareness - SEO,45,1335.566784,291270,20510.0,965.0,0.0033130772135818998,1.3840070300518135,0.07041576544099976,0.06511783442223307
CAM002,Preventive Care News,Customer Testimonial,Email,Preventive Care News - Customer Testimonial - Email,48,1624.442464,428100,47330.0,586.0,0.0013688390562952581,2.772086116040956,0.11055828077551974,0.03432162400169026
CAM003,Preventive Care News,Policy Information,Email,Preventive Care News - Policy Information - Email,40,1944.226008,260280,36990.0,46.0,0.00017673274934685722,42.265782782608696,0.1421161825726141,0.052560854501216545
CAM004,Compare Health Coverage,Customer Testimonial,SEO,Compare Health Coverage - Customer Testimonial - SEO,36,1354.937186,100690,42440.0,1546.0,0.015354057006654086,0.8764147386804658,0.42149170722018076,0.03192594688972668
CAM005,Golden Years Security,Offer Announcement,SEO,Golden Years Security - Offer Announcement - SEO,44,1519.167326,148170,2345.0,1.0,6.74900452183303e-06,1519.167326,0.015826415603698456,0.6478325484008529
CAM006,Compare Health Coverage,Product Promotion,SEO,Compare Health Coverage - Product Promotion - SEO,44,1254.28613,100630,22080.0,1273.0,0.012650303090529664,0.9852993951296151,0.2194176686872702,0.05680643704710145
CAM007,#HealthyLiving,Policy Information,Social Media,#HealthyLiving - Policy Information - Social Media,30,1173.585931,482520,45155.0,2.0,4.144905910635828e-06,586.7929655,0.09358161319738043,0.02599016567379028
CAM008,Preventive Care News,Policy Information,Email,Preventive Care News - Policy Information - Email,35,223.0855994,336700,42175.0,11.0,3.267003267003267e-05,20.280509036363636,0.12525987525987525,0.005289522214582098
CAM009,Tailored Health Plans,Health Awareness,SEO,Tailored Health Plans - Health Awareness - SEO,38,394.6410831,480790,34210.0,114.0,0.0002371097568585037,3.4617638868421055,0.07115372615902993,0.011535839903536977
CAM010,Affordable Plans,Covid Awareness,SEO,Affordable Plans - Covid Awareness - SEO,27,820.5803765,221170,12460.0,51.0,0.00023059185242121444,16.089811303921568,0.05633675453271239,0.06585717307383628
CAM011,Golden Years Security,Offer Announcement,SEO,Golden Years Security - Offer Announcement - SEO,25,1334.056787,200340,3634.0,22.0,0.00010981331736048717,60.63894486363636,0.01813916342218229,0.36710423417721516
CAM012,#CoverageMatters,Product Promotion,Social Media,#CoverageMatters - Product Promotion - Social Media,27,244.0089956,72280,6010.0,1.0,1.383508577753182e-05,244.0089956,0.08314886552296624,0.040600498435940095
CAM013,#InsureYourHealth,Customer Testimonial,Social Media,#InsureYourHealth - Customer Testimonial - Social Media,23,1134.316809,289290,18240.0,24.0,8.296173390023852e-05,47.263200375,0.06305091776418127,0.06218842154605263
CAM014,Summer Wellness Tips,Policy Information,Email,Summer Wellness Tips - Policy Information - Email,29,125.0467452,290300,44040.0,161.0,0.0005545986910093007,0.7766878583850932,0.1517051326214261,0.0028393902179836513
CAM015,Summer Wellness Tips,Health Awareness,Email,Summer Wellness Tips - Health Awareness - Email,24,1555.577561,215420,41970.0,2.0,9.28418902608857e-06,777.7887805,0.19482870671246866,0.037064035287109845
CAM016,Compare Health Coverage,Covid Awareness,SEO,Compare Health Coverage - Covid Awareness - SEO,18,1367.173425,295250,15760.0,1.0,3.386960203217612e-06,1367.173425,0.053378492802709565,0.08674958280456853
CAM017,Tailored Health Plans,Offer Announcement,SEO,Tailored Health Plans - Offer Announcement - SEO,25,1089.283035,451840,23370.0,27.0,5.9755665722379607e-05,40.34381611111111,0.051721848441926344,0.04661031386392811
CAM018,Health For All,Health Awareness,Email,Health For All - Health Awareness - Email,20,1185.171031,88220,43453.0,3279.0,0.03716844253003854,0.3614428273863983,0.49255270913625027,0.027274780360389387
CAM019,#InsureYourHealth,Covid Awareness,Social Media,#InsureYourHealth - Covid Awareness - Social Media,28,1872.24267,215500,24470.0,46.0,0.00021345707656612528,40.70092760869566,0.11354988399071926,0.07651175602778913
CAM020,#HealthyLiving,Health Tips,Social Media,#HealthyLiving - Health Tips - Social Media,29,1822.723467,441280,30515.0,971.0,0.002200416968817984,1.877161140061792,0.06915110587382162,0.05973204873013272
CAM021,Family Coverage Plan,Customer Testimonial,SEO,Family Coverage Plan - Customer Testimonial - SEO,23,1606.227668,449340,0.0,42.0,9.347042328748831e-05,38.24351590476191,0.0,0.0
CAM022,#InsureYourHealth,Product Promotion,Social Media,#InsureYourHealth - Product Promotion - Social Media,19,738.8300669,380140,26000.0,246.0,0.0006471300047350976,3.003374255691057,0.06839585415899406,0.028416541034615387
CAM023,#HealthyLiving,Offer Announcement,Social Media,#HealthyLiving - Offer Announcement - Social Media,10,303.769053,281960,38420.0,11.0,3.90126259043836e-05,27.615368454545454,0.1362604624769471,0.007906534435190005
CAM024,Benefit Updates,Product Promotion,Email,Benefit Updates - Product Promotion - Email,23,710.7200448,88390,6360.0,33.0,0.0003733454010634687,21.536971054545454,0.07195384093223216,0.11174843471698113
CAM025,Family Coverage Plan,Customer Testimonial,Social Media,Family Coverage Plan - Customer Testimonial - Social Media,25,1528.728281,204520,0.0,31.0,0.0001515744181498142,49.31381551612903,0.0,0.0
CAM026,#CoverageMatters,Covid Awareness,Social Media,#CoverageMatters - Covid Awareness - Social Media,25,1260.901406,265110,38585.0,1.0,3.772019161857342e-06,1260.901406,0.14554335936026555,0.032678538447583255
CAM027,Benefit Updates,Policy Information,Email,Benefit Updates - Policy Information - Email,20,1440.586227,155890,47785.0,12.0,7.697735582782732e-05,120.04885225,0.3065302456860607,0.03014724760908235
CAM028,Affordable Plans,Policy Information,SEO,Affordable Plans - Policy Information - SEO,27,300.1260024,84850,27785.0,12.0,0.00014142604596346494,25.0105002,0.3274602239245728,0.010801727637214325
CAM029,Tailored Health Plans,Health Tips,SEO,Tailored Health Plans - Health Tips - SEO,20,401.0490881,136160,12425.0,1.0,7.344300822561692e-06,401.0490881,0.09125293772032902,0.03227759260362173
CAM030,#HealthyLiving,Policy Information,Social Media,#HealthyLiving - Policy Information - Social Media,23,1362.207577,110700,13040.0,2743.0,0.024778681120144534,0.4966123138899015,0.11779584462511292,0.10446377124233128
CAM031,#CoverageMatters,Product Promotion,Social Media,#CoverageMatters - Product Promotion - Social Media,25,806.421044,374710,29645.0,3534.0,0.009431293533666035,0.22818931635540465,0.07911451522510742,0.02720259888682746
CAM032,Family Coverage Plan,Product Promotion,TV,Family Coverage Plan - Product Promotion - TV,27,801.4569166,452680,0.0,228.0,0.0005036670495714412,3.5151619149122806,0.0,0.0
CAM033,Health For All,Product Promotion,TV,Health For All - Product Promotion - TV,27,846.0529867,32272,0.0,266.0,0.008242439266236986,3.1806503259398498,0.0,0.0
CAM034,Compare Health Coverage,Policy Information,SEO,Compare Health Coverage - Policy Information - SEO,19,1612.28577,49659,4296.0,0.0,0.0,0.0,0.0865099981876397,0.37529929469273743
CAM035,Compare Health Coverage,Customer Testimonial,SEO,Compare Health Coverage - Customer Testimonial - SEO,19,1428.202582,39736,1720.0,0.0,0.0,0.0,0.043285685524461444,0.8303503383720929
CAM036,Golden Years Security,Covid Awareness,TV,Golden Years Security - Covid Awareness - TV,13,301.4678661,25492,0.0,0.0,0.0,0.0,0.0,0.0
CAM037,Compare Health Coverage,Health Tips,SEO,Compare Health Coverage - Health Tips - SEO,13,754.2789024,15970,1749.0,0.0,0.0,0.0,0.10951784596117721,0.43126295162950257
CAM038,Summer Wellness Tips,Policy Information,Email,Summer Wellness Tips - Policy Information - Email,15,1380.28103,24985,4094.0,0.0,0.0,0.0,0.1638583149889934,0.33714729604298976
CAM039,Tailored Health Plans,Covid Awareness,SEO,Tailored Health Plans - Covid Awareness - SEO,15,1954.64548,38799,2055.0,0.0,0.0,0.0,0.05296528261037656,0.9511656836982968
CAM040,Summer Wellness Tips,Covid Awareness,Email,Summer Wellness Tips - Covid Awareness - Email,18,1833.281138,19761,4962.5,0.0,0.0,0.0,0.2511259551642123,0.3694269295717884
CAM041,Golden Years Security,Covid Awareness,TV,Golden Years Security - Covid Awareness - TV,11,571.7194632,35448,0.0,0.0,0.0,0.0,0.0,0.0
CAM042,#InsureYourHealth,Offer Announcement,Social Media,#InsureYourHealth - Offer Announcement - Social Media,11,225.4626635,45711,1339.5,0.0,0.0,0.0,0.029303668701187897,0.16831852444942141
CAM043,#InsureYourHealth,Product Promotion,Social Media,#InsureYourHealth - Product Promotion - Social Media,17,1189.200451,6083,3440.0,0.0,0.0,0.0,0.5655104389281604,0.3456978055232558
CAM044,Compare Health Coverage,Covid Awareness,SEO,Compare Health Coverage - Covid Awareness - SEO,11,871.8756279,46515,2141.0,0.0,0.0,0.0,0.04602816295818553,0.4072282241475946
CAM045,Affordable Plans,Covid Awareness,SEO,Affordable Plans - Covid Awareness - SEO,18,448.4411105,21487,1348.5,0.0,0.0,0.0,0.06275887746079024,0.33254809825732295
CAM046,Preventive Care News,Covid Awareness,Email,Preventive Care News - Covid Awareness - Email,20,1338.129684,39003,3564.5,0.0,0.0,0.0,0.09139040586621541,0.37540459643708796
CAM047,#HealthyLiving,Health Tips,Social Media,#HealthyLiving - Health Tips - Social Media,10,404.6667763,49541,2342.0,0.0,0.0,0.0,0.04727397509133849,0.17278683872758324
CAM048,Preventive Care News,Product Promotion,Email,Preventive Care News - Product Promotion - Email,10,767.8147069,10255,4287.0,0.0,0.0,0.0,0.4180399804973184,0.17910303403312341
CAM049,#HealthyLiving,Offer Announcement,Social Media,#HealthyLiving - Offer Announcement - Social Media,12,1609.678559,6447,2595.5,0.0,0.0,0.0,0.40259035210175276,0.6201805274513581
CAM050,Compare Health Coverage,Product Promotion,SEO,Compare Health Coverage - Product Promotion - SEO,15,1400.168346,16260,3163.5,0.0,0.0,0.0,0.19455719557195572,0.44260102607871027
CAM051,Health For All,Policy Information,TV,Health For All - Policy Information - TV,11,1253.532835,20437,0.0,0.0,0.0,0.0,0.0,0.0
CAM052,Summer Wellness Tips,Product Promotion,Email,Summer Wellness Tips - Product Promotion - Email,11,1868.570846,15644,4065.0,0.0,0.0,0.0,0.25984402965993353,0.4596730248462485
CAM053,Golden Years Security,Product Promotion,TV,Golden Years Security - Product Promotion - TV,12,338.275359,13480,0.0,0.0,0.0,0.0,0.0,0.0
CAM054,#InsureYourHealth,Health Tips,Social Media,#InsureYourHealth - Health Tips - Social Media,19,1412.829225,33520,1050.5,0.0,0.0,0.0,0.031339498806682575,1.3449112089481199
CAM055,Summer Wellness Tips,Health Awareness,Email,Summer Wellness Tips - Health Awareness - Email,12,322.9228083,6900,4536.0,0.0,0.0,0.0,0.6573913043478261,0.0711910953042328
CAM056,Preventive Care News,Health Tips,Email,Preventive Care News - Health Tips - Email,16,359.1116943,42630,2316.5,0.0,0.0,0.0,0.054339666901243255,0.15502339490610836
CAM057,Health For All,Health Awareness,TV,Health For All - Health Awareness - TV,17,1062.209448,29630,0.0,0.0,0.0,0.0,0.0,0.0
