"campaign_detail_id","campaign_detail"
1,"Health For All - Product Promotion - TV"
2,"Compare Health Coverage - Policy Information - SEO"
3,"Health For All - Health Awareness - Email"
4,"#CoverageMatters - Product Promotion - Social Media"
5,"Preventive Care News - Product Promotion - Email"
6,"#InsureYourHealth - Health Tips - Social Media"
7,"Affordable Plans - Policy Information - SEO"
8,"Benefit Updates - Product Promotion - Email"
9,"Health For All - Health Awareness - TV"
10,"Preventive Care News - Customer Testimonial - Email"
11,"Compare Health Coverage - Covid Awareness - SEO"
12,"Summer Wellness Tips - Health Awareness - Email"
13,"Family Coverage Plan - Product Promotion - TV"
14,"Tailored Health Plans - Health Tips - SEO"
15,"#InsureYourHealth - Offer Announcement - Social Media"
16,"Preventive Care News - Covid Awareness - Email"
17,"Preventive Care News - Health Tips - Email"
18,"#CoverageMatters - Covid Awareness - Social Media"
19,"Summer Wellness Tips - Product Promotion - Email"
20,"Family Coverage Plan - Customer Testimonial - SEO"
21,"Family Coverage Plan - Customer Testimonial - Social Media"
22,"#HealthyLiving - Health Tips - Social Media"
23,"Compare Health Coverage - Customer Testimonial - SEO"
24,"Preventive Care News - Policy Information - Email"
25,"Summer Wellness Tips - Covid Awareness - Email"
26,"Summer Wellness Tips - Policy Information - Email"
27,"Tailored Health Plans - Covid Awareness - SEO"
28,"#HealthyLiving - Offer Announcement - Social Media"
29,"Compare Health Coverage - Health Tips - SEO"
30,"Affordable Plans - Covid Awareness - SEO"
31,"Golden Years Security - Offer Announcement - SEO"
32,"#InsureYourHealth - Product Promotion - Social Media"
33,"Tailored Health Plans - Offer Announcement - SEO"
34,"Benefit Updates - Policy Information - Email"
35,"Golden Years Security - Covid Awareness - TV"
36,"Golden Years Security - Product Promotion - TV"
37,"Compare Health Coverage - Product Promotion - SEO"
38,"#InsureYourHealth - Customer Testimonial - Social Media"
39,"#HealthyLiving - Policy Information - Social Media"
40,"#InsureYourHealth - Covid Awareness - Social Media"
41,"Health For All - Policy Information - TV"
42,"Tailored Health Plans - Health Awareness - SEO"
