"product_id","product_name"
1,"Daily Greens Pouch"
2,"Biotin Supplement"
3,"Essential Fatty Acid Supplement"
4,"Liposomal Vitamin C"
5,"Daily Synbiotic"
6,"Nutrition Digestive Enzyme"
7,"Hair Vitamins II"
8,"SuperYou Natural Stress Relief"
9,"Hair Vitamins Trio"
10,"Probiotics Formulation"
11,"Oxytocin Supplement"
12,"Hair and Nail Wellbeing"
13,"Sample Pack"
14,"Detox + Debloat Vitamin"
15,"Vitamin B+ Advanced Complex"
16,"Well Bundle Vitamins"
17,"Hair Growth Supplements"
18,"Biotin Supplement II"
